booked_id,check_id_in_booked,"username"
25,0,"thiago"
26,60,"thiago"
27,0,"gustavo"
28,61,"thiago"
29,0,"thiago"
30,0,"bene"
31,0,"gustavo"
32,75,"thiago"
33,0,"thiago"
34,0,"thiago"
35,0,"thiago"
36,0,"thiago"
37,0,"bene"
38,0,"thiago"
39,0,"thiago"
40,0,"bene"
41,0,"gustavo"
42,0,"thiago"
43,0,"thiago"
44,0,"bene"
45,0,"thiago"
46,0,"thiago"
47,0,"thiago"
48,121,"thiago"
49,0,"gustavo"
50,0,"bene"
51,0,"thiago"
52,0,"bene"
53,126,"thiago"
54,0,"carl"
55,0,"bene"
56,0,"bobo"
57,0,"thiago"
58,0,"thiago4"
59,130,"carl"
60,0,"thiago"
61,0,"MarieF"
62,0,"gusnyper"
63,0,"Andrea"
64,0,"Paul"
65,0,"bened"
